Workbook

Sheet 1_Raw_Data
A1: Participant | B1: Prior | C1: Explain | D1: Instr Enth. | E1: Explained | F1: Discussion | G1: Instr Effort | H1: Fun | I1: Group Contrib | J1: Prepared | K1: Prefer | L1: Confident | M1: My Contrib | N1: Available | O1: Increased | P1: Focused | Q1: Interest | R1: Worked Hard | S1: Plugged
A2: 1 | B2: 1 | C2: 3 | D2: 4 | E2: 4 | F2: 4 | G2: 5 | H2: 4 | I2: 4 | J2: 5 | K2: 4 | L2: 4 | M2: 4 | N2: 5 | O2: 4 | P2: 5 | Q2: 4 | R2: 4 | S2: 4
A3: 2 | B3: 1 | C3: 5 | D3: 5 | E3: 5 | F3: 5 | G3: 5 | H3: 5 | I3: 5 | J3: 5 | K3: 3 | L3: 3 | M3: 5 | N3: 5 | O3: 5 | P3: 5 | Q3: 3 | R3: 5 | S3: 3
A4: 3 | B4: 1 | C4: 3 | D4: 5 | E4: 4 | F4: 5 | G4: 5 | H4: 5 | I4: 4 | J4: 5 | K4: 5 | L4: 3 | M4: 4 | N4: 4 | O4: 4 | P4: 5 | Q4: 3 | R4: 5 | S4: 3
A5: 4 | B5: 1 | C5: 4 | D5: 5 | E5: 3 | F5: 4 | G5: 5 | H5: 5 | I5: 5 | J5: 5 | K5: 5 | L5: 5 | M5: 5 | N5: 5 | O5: 5 | P5: 5 | Q5: 5 | R5: 3 | S5: 5
A6: 5 | B6: 1 | C6: 5 | D6: 5 | E6: 5 | F6: 5 | G6: 5 | H6: 5 | I6: 5 | J6: 5 | K6: 5 | L6: 5 | M6: 5 | N6: 5 | O6: 5 | P6: 5 | Q6: 5 | R6: 5 | S6: 5
A7: 6 | B7: 1 | C7: 3 | D7: 4 | E7: 3 | F7: 4 | G7: 4 | H7: 4 | I7: 4 | J7: 4 | K7: 4 | L7: 4 | M7: 3 | N7: 3 | O7: 4 | P7: 4 | Q7: 4 | R7: 4 | S7: 4

Sheet 2_ASPECT_Mapping
A1: Question | B1: Category | D1: Value of Group Activity | G1: Instructor Contribution | J1: Personal Effort
A2: Prior | B2: Prior Knowledge | D2: =COUNTIF($B$2:$B$19,D1) -> 9 | G2: =COUNTIF($B$2:$B$19,G1) -> 4 | J2: =COUNTIF($B$2:$B$19,J1) -> 3
A3: Explain | B3: Value of Group Activity
A4: Instr Enth. | B4: Instructor Contribution
A5: Explained | B5: Value of Group Activity
A6: Discussion | B6: Value of Group Activity
A7: Instr Effort | B7: Instructor Contribution
A8: Fun | B8: Value of Group Activity
A9: Group Contrib | B9: Value of Group Activity
A10: Prepared | B10: Instructor Contribution
A11: Prefer | B11: Value of Group Activity
A12: Confident | B12: Value of Group Activity
A13: My Contrib | B13: Personal Effort
A14: Available | B14: Instructor Contribution
... A19: Plugged | B19: Plugged-in Activity Effectiveness

Sheet 3_Calculations
A1: Category | B1: Items | C1: Formula | D1: Mean
A2: Prior Knowledge | B2: 1 | C2: Average of item means | D2: =ROUND(AVERAGE(F2),2) -> 1 | F2: =AVERAGE('1_Raw_Data'!B2:B7) -> 1
A3: Value of Group Activity | B3: 9 | C3: Average of item means | D3: =ROUND(AVERAGE(F3,G3,H3,I3,J3,K3,L3,M3,N3),2) -> 4.26 | F3: =AVERAGE('1_Raw_Data'!C2:C7) -> 3.8333333 | G3: =AVERAGE('1_Raw_Data'!E2:E7) -> 4 | H3: =AVERAGE('1_Raw_Data'!F2:F7) -> 4.5 | I3: =AVERAGE('1_Raw_Data'!H2:H7) -> 4.6666667 | J3: =AVERAGE('1_Raw_Data'!I2:I7) -> 4.5 | K3: =AVERAGE('1_Raw_Data'!K2:K7) -> 4.3333333 | L3: =AVERAGE('1_Raw_Data'!L2:L7) -> 4 | M3: =AVERAGE('1_Raw_Data'!O2:O7) -> 4.5 | N3: =AVERAGE('1_Raw_Data'!Q2:Q7) -> 4
A4: Personal Effort | B4: 3 | C4: Average of item means | D4: =ROUND(AVERAGE(F4,G4,H4),2) -> 4.5 | F4: =AVERAGE('1_Raw_Data'!M2:M7) -> 4.3333333 | G4: =AVERAGE('1_Raw_Data'!P2:P7) -> 4.8333333 | H4: =AVERAGE('1_Raw_Data'!R2:R7) -> 4.3333333
A5: Instructor Contribution | B5: 4 | C5: Average of item means | D5: =ROUND(AVERAGE(F5,G5,H5,I5),2) -> 4.71 | F5: =AVERAGE('1_Raw_Data'!D2:D7) -> 4.6666667 | G5: =AVERAGE('1_Raw_Data'!G2:G7) -> 4.8333333 | H5: =AVERAGE('1_Raw_Data'!J2:J7) -> 4.8333333 | I5: =AVERAGE('1_Raw_Data'!N2:N7) -> 4.5
A6: Plugged-in Activity Effectiveness | B6: 1 | C6: Average of item means | D6: =ROUND(AVERAGE(F6),2) -> 4 | F6: =AVERAGE('1_Raw_Data'!S2:S7) -> 4
A7: Overall | B7: 18 | C7: Weighted by number of items | D7: =ROUND(SUMPRODUCT(B2:B6,D2:D6)/SUM(B2:B6),2) -> 4.2

Sheet 4_Methodology
A1: Analysis Procedure
A2: 1. Demographic and open-ended responses were excluded from quantitative analysis.
A3: 2. Each Likert item was scored from 1 to 5.
A4: 3. Mean for each survey item = average of the six student responses.
A5: 4. Category mean = average of the item means within each ASPECT category.
A6: 5. Overall mean = weighted average of category means using the number of items per category (18 total items).
A7: 6. Because every question had six responses, averaging item means equals averaging all responses within a category.
